Rank,Country,Quality of Life Index,Purchasing Power Index,Safety Index,Health Care Index,Cost of Living Index,Property Price to Income Ratio,Traffic Commute Time Index,Pollution Index,Climate Index,Year
1,Switzerland,190.82,110.96,78.65,74.47,131.75,8.42,28.73,20.09,80.05,2021
2,Denmark,190.01,94.73,73.28,79.96,91.67,6.66,28.69,20.4,81.8,2021
3,Netherlands,183.31,83.89,72.78,75.76,78.64,7.35,27.81,25.28,87.11,2021
4,Finland,182.79,89.05,72.99,76.4,77.46,8.64,28.96,11.86,56.64,2021
5,Austria,182.37,78.23,74.77,78.4,75.49,10.4,25.68,19.2,77.79,2021
6,Australia,181.52,99.29,57.56,77.71,84.14,7.38,35.04,23.48,92.7,2021
7,Iceland,179.1,71.88,75.87,65.69,96.77,6.31,19.98,16.24,68.81,2021
8,Germany,176.76,93.72,64.58,73.77,70.62,9.12,31.36,27.48,82.97,2021
9,New Zealand,175.77,81.44,57.74,73.58,79.14,8.09,30.7,23.81,96.35,2021
10,Norway,173.57,79.43,66.65,75.5,106.09,8.49,26.87,18.14,68.68,2021
11,Estonia,173.56,61.22,76.62,72.83,56.45,9.11,24.72,19.01,64.28,2021
12,Oman,172.08,84.45,79.74,58.42,50.18,5.75,23.02,37.59,67.22,2021
13,Sweden,171.4,90.55,52.8,68.8,79.17,8.56,29.89,18.44,74.92,2021
14,Slovenia,168.2,56.14,78.21,65.28,59.38,10.89,26.79,22.65,77.56,2021
15,United States,166.98,102.58,52.26,69.03,71.92,3.99,32.89,38.89,77.28,2021
16,Spain,164.48,62.68,66.87,78.8,59.09,9.59,29.38,39.62,93.18,2021
17,Japan,162.32,76.53,78.05,80.68,87.77,13.04,39.85,39.4,85.27,2021
18,Portugal,161.91,44.96,70.11,71.93,52.88,12.65,29.64,29.57,97.72,2021
19,Lithuania,160.02,54.6,66.16,70.97,47.66,10.97,25.67,27.01,69.86,2021
20,Canada,159.99,82.76,58.81,71.8,70.08,7.53,33.72,28.13,56.75,2021
21,United Kingdom,158.99,82.56,54.74,74.93,71.03,9.57,34.44,40.25,88.04,2021
22,Czech Republic,156.33,56.4,74.69,75.37,49.18,15.46,29.72,36.3,77.13,2021
23,Croatia,156.1,43.13,75.09,64.23,56.36,14.2,28.13,30.58,89.69,2021
24,United Arab Emirates,156.03,85.74,84.65,68.02,61.67,4.93,36.31,50.44,45.23,2021
25,Qatar,154.58,93.12,87.71,73,64.23,5.97,30.45,60.18,36.03,2021
26,Belgium,150.89,76.54,55.83,75.2,78.52,6.91,36.24,50.27,86.03,2021
27,Ireland,150.89,73.84,54.98,52.78,83.11,7.4,37.7,33.59,89.13,2021
28,France,150.73,74.06,50.8,80.99,80.62,13.48,34.53,41.79,89.94,2021
29,Slovakia,149.68,50.39,70.26,60.89,49.08,11.14,27.81,39.08,78.13,2021
30,Latvia,147.59,45.94,62.79,62.18,52.87,8.48,31.16,33.91,74.7,2021
31,Saudi Arabia,147.37,88.18,74.07,60.71,49.95,2.57,28.45,64.13,45.98,2021
32,Israel,144.14,70.36,68.79,73.76,86.63,13.68,35.76,58.42,93.78,2021
33,Cyprus,144.06,52.34,68.03,52.71,64.05,7.12,23.44,56.77,93.34,2021
34,Singapore,143.82,83.62,67.02,70.88,85.59,19.38,41.19,33.16,57.45,2021
35,Taiwan,138.82,56.08,84.76,86.39,65.25,23.63,31.28,62.92,81.6,2021
36,Italy,138.63,58.7,55.63,66.77,73.11,9.52,34.17,53.93,91.48,2021
37,Hungary,134.01,49.81,65.19,51.64,42.75,11.6,35.81,47.81,79.48,2021
38,Poland,132.65,47.09,70.68,58.25,42.04,14.03,31.34,54.33,75.9,2021
39,South Africa,132.19,72.92,22.93,63.89,41.69,3.96,39.3,56.96,95.25,2021
40,Romania,131.71,45.19,71.65,56.09,38.5,10.66,34.13,58.42,77.69,2021
41,Puerto Rico,130.77,69.22,36.65,55.57,69.51,3.56,34.16,50.45,71.25,2021
42,South Korea,130.02,76.6,73.14,82.34,81.2,23.63,39.88,61.85,68.39,2021
43,Greece,129.86,38.95,55.86,56.96,60.96,10.13,33.94,51.95,94.18,2021
44,Bulgaria,126.34,40.26,61.88,56.13,40.92,8.97,29.39,64.48,82.76,2021
45,Turkey,125.97,35.35,60.47,70.71,31.48,8.21,44.64,66.15,93.26,2021
46,Bosnia And Herzegovina,125.71,42.56,56.99,53.48,38.56,10.75,25.89,60.71,80.48,2021
47,Uruguay,124.63,30.62,48.78,67.66,51.09,17.33,37.74,45.67,98.04,2021
48,Costa Rica,121.65,39.01,44.66,62.92,50.64,10.07,60.19,44.07,99.48,2021
49,Mexico,120.29,35.54,45,72.51,35.05,10.46,39.02,61.24,86.63,2021
50,Georgia,118.87,25.67,77.38,53.83,28.05,14.16,35.4,69.7,88.53,2021
51,Ecuador,118.76,30.54,45.59,68.81,40.08,12.59,39.57,58.34,94.51,2021
52,Malaysia,116.94,56.1,42.11,69.59,39.51,9.92,37,62.58,59.11,2021
53,Serbia,116.24,35.83,61.74,51.62,39.19,17.08,31.1,61.2,83.23,2021
54,Jordan,114.04,33.13,59.27,65.38,52.17,8.03,41.41,76.09,89.05,2021
55,Kuwait,113.98,75.32,65.96,58.97,49.4,13.18,33.72,66.72,20.22,2021
56,Argentina,110.5,34.56,36.69,68.58,37.87,22.68,43.16,50.73,98.28,2021
57,Panama,110.32,32.05,54.15,60.43,54.07,12.33,37.55,59.77,67.84,2021
58,North Macedonia,108.47,31.97,61.41,56.49,34.15,12.67,27.22,80.03,76.3,2021
59,Ukraine,107.35,30.1,51.72,53.43,29.21,10.77,37.9,64.31,70.77,2021
60,Belarus,107.35,31.96,39.73,44.44,30.69,16.79,30.05,44.47,64.37,2021
61,Pakistan,105.14,27.28,56.14,60.52,21.59,12.62,37.8,73.36,73.63,2021
62,Brazil,104.75,28.66,32.15,57.33,31.82,16.13,41.71,54.53,92.39,2021
63,India,104.52,47.13,55.28,66.25,25.16,11.31,46.66,79.62,65.3,2021
64,Morocco,104.42,32.17,50.9,45.81,36.85,13.49,36.3,70.38,90.04,2021
65,China,103.15,57.47,69.83,66.38,42.54,29.02,40.89,81.47,80.15,2021
66,Azerbaijan,102.88,25.77,68.34,44.02,30.9,16.58,39.41,75.44,91.4,2021
67,Russia,101.67,34.61,59.87,58.44,33.17,11.14,44.6,62.32,38.46,2021
68,Colombia,101.33,26.13,44.23,66.72,31,18.67,47.34,62.88,88.3,2021
69,Thailand,100.29,31.36,60.62,78.08,49.32,22.16,39.19,75.39,69.45,2021
70,Chile,99.9,33.33,47.92,63.72,49.33,17.6,35.56,78.96,90.21,2021
71,Hong Kong,99.34,62.45,78.27,66.34,79.94,45.19,42.28,67.3,83.64,2021
72,Kazakhstan,96.42,34.92,45.98,60.09,29.76,9.63,33.64,72.62,39.78,2021
73,Lebanon,94.47,29.49,53.04,63.29,75.88,14.07,39.06,89.35,94.74,2021
74,Indonesia,90.1,20.89,53.77,60.49,37.44,22.01,43.4,67.08,68.48,2021
75,Vietnam,88.38,27.26,53.91,58.28,38.05,20.59,29.61,85.92,71.09,2021
76,Egypt,86.31,19.99,53.21,46.21,30.1,13.65,49.08,84.35,91.98,2021
77,Peru,83.3,28.81,33.39,56.38,36.26,16.88,48.81,82.69,97.69,2021
78,Sri Lanka,79.78,20.77,58.81,72.63,31.28,35.01,57.2,59.92,59.11,2021
79,Philippines,78.39,19.71,57.84,67.09,40.65,30.14,44.04,74.06,61.03,2021
80,Kenya,75.77,27.67,38.6,55.83,36.3,27.27,57.39,75.88,99.79,2021
81,Bangladesh,65.27,24.07,35.78,42.7,33.31,14.43,58.53,84.91,72.91,2021
82,Iran,64.73,19,50.81,52.25,41.34,34.24,47.43,76.13,70.99,2021
83,Nigeria,52,9.78,36.14,48.89,29.74,17.74,61.68,87.35,60.75,2021
1,Denmark,192.67,100.88,74.9,80,83,7.45,28.85,21.33,81.8,2020
2,Switzerland,192.01,119.53,78.4,72.44,122.4,8.68,29.09,22.39,79.24,2020
3,Finland,190.22,99.93,76.68,75.79,70.29,8.35,29.9,11.55,58.87,2020
4,Australia,186.21,107.31,58.64,77.38,73.54,7.52,34.73,23.46,92.7,2020
5,Netherlands,183.67,90.73,72.38,74.65,73.75,7.51,29.43,27.41,87.61,2020
6,Austria,182.5,82.38,76.27,78.73,70.38,10.88,26.27,22.19,77.3,2020
7,Iceland,181.75,79.44,76.64,65.92,100.48,6.74,20.1,16.21,68.81,2020
8,New Zealand,181.02,92.66,59.07,73.81,72.53,8.52,31.1,23.4,95.46,2020
9,Germany,179.78,102.36,65.19,73.32,65.26,9.38,30.98,29.03,83,2020
10,Estonia,177.82,71.3,76.86,72.67,50.93,9.06,24.53,19.81,64.28,2020
11,Sweden,175.95,101.73,52.93,69.23,69.85,9.27,30.49,18.09,73.97,2020
12,Norway,175.19,88.38,64.57,74.36,101.43,8.77,26.99,20.35,71.37,2020
13,Slovenia,172.15,66.31,78.93,64.58,53.43,10.49,27.3,24.06,77.56,2020
14,United States,172.11,109.52,52.8,69.27,71.05,3.52,32.89,36.88,77.54,2020
15,Spain,169.82,72.03,68.04,78.88,53.77,9.37,29.1,39.99,94.19,2020
16,Japan,167.99,87.28,79.34,81.14,83.35,13,39.15,39.59,84.79,2020
17,Oman,167.09,80.97,79.21,58.15,49.28,9.08,22.8,37.74,67.22,2020
18,Canada,163.47,95.09,60.33,71.58,67.62,7.97,33.87,27.83,50.57,2020
19,Portugal,162.91,49.43,70.37,71.88,49.52,12.7,30,30.89,97.31,2020
20,United Kingdom,162.71,91.73,56.29,74.46,67.28,10.09,34.53,40.56,87.62,2020
21,Qatar,162.29,111.69,88.14,73.3,64.04,5.82,29.72,61.06,36.03,2020
22,Lithuania,159.42,57.85,66.94,69.49,44.28,10.9,26.08,28.8,67.76,2020
23,Croatia,159.01,50.42,75.29,62.68,49.7,13.73,29.11,30.46,89.05,2020
24,United Arab Emirates,156.67,91.58,84.3,67.04,61.98,5.29,36.85,51.15,45.23,2020
25,Czech Republic,156.24,62.82,74.48,74.62,46.15,15.42,29.65,40.23,77.13,2020
26,France,153.95,80.36,53.21,79.99,74.14,13.04,34.76,43.56,90.25,2020
27,Ireland,153.53,80.88,54.57,51.89,75.91,7.49,37.68,33.99,89.13,2020
28,Belgium,153.47,86.28,56.02,74.34,71.78,6.91,36.15,52.94,85.99,2020
29,Slovakia,152.53,56.94,70.78,60.02,44.46,10.25,29.11,39.66,78.13,2020
30,Saudi Arabia,150.56,100,73.82,59.11,48.34,2.79,28.61,65.09,45.98,2020
31,Latvia,150,52.48,63.05,62.91,47.94,8.85,32.89,33.73,74.7,2020
32,Israel,149.94,78.09,70.4,73.29,81.15,12.83,35.91,57.25,93.78,2020
33,Cyprus,147.93,57.41,69.99,51.75,57.93,8.2,23.95,53.55,92.8,2020
34,Singapore,144.39,88.96,69.43,70.84,81.1,22.31,41.31,33.48,57.45,2020
35,Taiwan,143.23,65.67,84.35,86.71,61.37,23.69,31.93,63.35,84.38,2020
36,Poland,141.83,59.61,71.5,61.01,40.04,11.38,31.72,54.46,76.14,2020
37,Italy,140.76,65.59,55.74,66.59,67.26,9.71,34.42,55.63,92.27,2020
38,South Korea,139.02,85.21,71.98,81.97,78.18,17.37,39.57,62.48,68.39,2020
39,Belarus,134.83,37,75.01,59.04,34.7,14.65,30.68,43.63,64.37,2020
40,Greece,133.07,43.68,59.68,56.21,55.67,10.6,33.84,52.55,94.18,2020
41,Romania,132.44,48.86,72.36,55.06,35.31,11.33,34.75,58.42,77.62,2020
42,South Africa,131.97,73.61,22.51,64.14,42.87,3.93,39.43,57.3,95.25,2020
43,Bulgaria,129.8,49.37,61.5,55.4,36.7,8.52,29.39,65.33,82.76,2020
44,Hungary,128.16,47.55,64.92,47.8,40.85,14.77,35.78,48.29,79.48,2020
45,Turkey,127.1,40.85,60.51,69.8,34.69,7.81,44.65,67.35,93.26,2020
46,Uruguay,125.98,37.46,46.19,66.28,51.04,16.34,39.89,44.84,98.04,2020
47,Ecuador,125.14,36.08,49.1,70.59,40.98,12.7,37.55,57,94.51,2020
48,Bosnia And Herzegovina,121.89,41.83,56.97,52.26,35.97,12.58,26.67,62.33,80.48,2020
49,Chile,119.76,42.5,54.77,65.44,43.62,14.93,35.44,65.78,90.21,2020
50,Mexico,118.55,41.81,46.03,70.12,35.72,10.67,39.39,66.1,86.29,2020
51,Malaysia,118.44,64.49,41.16,68.1,39.12,9.94,37.03,63.18,57.92,2020
52,Serbia,116.3,36.72,62.59,51.27,35.72,18.94,30.43,60.32,83.23,2020
53,Georgia,115.95,24.88,79.79,51.24,28.48,14.21,36.02,71.09,84.2,2020
54,Kuwait,115.75,85.59,65.25,56.21,50.37,12.28,34.44,68.69,20.22,2020
55,Argentina,115.31,47.22,38.23,69.25,32.95,24.53,43.08,50.67,98.28,2020
56,Jordan,112.4,34.88,59.17,64.6,53.67,8.42,42.03,77.78,89.05,2020
57,North Macedonia,110.46,37.15,61.33,56.38,31.59,12.6,27.61,80.23,76.3,2020
58,India,108.63,54.3,56.68,67.13,24.58,11.38,46.99,78.87,64.87,2020
59,Panama,108.36,34.23,52.81,59.93,54.16,12.6,36.48,63.09,67.84,2020
60,Lebanon,106.56,44.47,56.64,64.38,60.5,13.23,37.38,88.37,94.74,2020
61,Colombia,105.83,31.12,45.21,67.24,30.66,19.65,47.49,62.83,96.69,2020
62,Brazil,105.65,32.81,31.12,56.29,40.22,16.41,41.7,54.98,97.16,2020
63,Morocco,105.46,35.25,51.31,45.72,34.32,14.18,36.89,70.64,91.7,2020
64,Pakistan,105.44,30.57,55.92,60.59,21.98,11.98,38.56,74.25,71.93,2020
65,Ukraine,104.77,31.8,51.15,52.33,33.18,12.23,38.65,65.08,71.42,2020
66,China,102.81,60.88,68.17,64.48,40.04,29.06,41.81,80.77,79.19,2020
67,Russia,102.31,38.94,58.88,57.59,39.21,10.77,45.3,62.79,40.36,2020
68,Thailand,101.88,35.45,59.52,77.95,49.77,22.26,38.23,75.07,69.45,2020
69,Hong Kong,99.05,65.32,79.3,66.08,77.22,47.46,41.46,67.69,83.64,2020
70,Indonesia,97.47,25.05,54.16,60.48,37.27,18.88,43.11,66.56,74.15,2020
71,Kazakhstan,88.31,38.36,37.98,50.7,30.64,10.86,31.08,75.15,39.78,2020
72,Vietnam,87.48,28.14,54.65,57.7,38.34,21.36,30.17,86.47,71.24,2020
73,Egypt,86.54,22.41,53.08,45.84,29.54,13.01,49.78,85.65,91.98,2020
74,Peru,85.46,33.95,31.85,56.15,38.65,14.95,48.33,84.13,97.69,2020
75,Philippines,85.37,23.48,57.84,67.47,37.63,24.6,44.63,74.28,60.81,2020
76,Sri Lanka,85.16,24.45,59.78,72.53,31.61,31.14,59.01,59.14,59.11,2020
77,Iran,74.14,22.69,50.75,51.7,39.01,25.11,48.01,77.45,70.99,2020
78,Kenya,70.56,27.32,38.34,55.59,40.21,31.63,56.65,76.6,99.79,2020
79,Bangladesh,70.03,33.21,36.06,42.8,32.25,13.1,56.73,86.21,71.29,2020
80,Nigeria,55.65,13.52,36.23,51.59,31,16.7,61.08,87.63,60.75,2020
1,Denmark,198.57,114.39,75.75,79.41,81.38,6.93,28.51,22.14,81.8,2019
2,Switzerland,195.93,129.7,78.5,72.68,121.16,9.63,29.05,22.03,80.05,2019
3,Finland,194.01,112.3,77.2,73.49,72.82,7.98,30.41,11.93,58.56,2019
4,Australia,191.13,122.85,57.24,76.38,72.08,7.6,35.29,23.97,93.75,2019
5,Austria,191.05,96.7,78.63,79.19,71.79,10.14,25.15,21.97,77.74,2019
6,Netherlands,188.91,102.54,71.43,77.81,74.83,7.38,29.87,27.45,87.45,2019
7,Iceland,187.79,91.8,76.72,66.44,101.86,6.58,19.74,15.24,68.81,2019
8,Germany,187.05,116.2,65.49,74.32,67.62,9.02,29.91,28.01,82.51,2019
9,New Zealand,185.58,101.09,60.45,73.62,72.62,8.34,31.19,22.74,95.46,2019
10,Norway,181.86,103.61,64.68,74.14,100.99,8.4,27.12,19.86,71.16,2019
11,Estonia,180.88,75.97,79.2,72.12,51.01,9.31,25.75,18.15,64.28,2019
12,Japan,180.5,103.12,86.27,80.4,83.33,11.25,40.03,37.08,84.79,2019
13,United States,179.2,122.03,52.87,69.41,69.91,3.58,32.87,33.95,77.51,2019
14,Sweden,178.67,111.38,50.65,70.95,71.55,10.26,30.29,18.01,74.92,2019
15,Slovenia,175.98,75.38,77.43,62.81,52.51,10.16,24.81,24.33,78.08,2019
16,Spain,174.16,83.8,67.54,77.77,54.7,9.21,29.42,39.36,94.19,2019
17,United Kingdom,170.81,105.73,57.28,74.71,65.28,9.16,34.62,39.43,87.82,2019
18,Canada,170.32,109.44,60.49,70.99,65.01,7.66,33.77,27.85,52.55,2019
19,Qatar,167.84,138.29,86.74,72.41,59.09,5.74,31.71,66.48,36.03,2019
20,United Arab Emirates,167.81,119.6,83.68,67.99,56.16,4.4,37.46,53.11,45.23,2019
21,Croatia,165.31,60.33,75.31,64.14,49.18,11.63,29.11,31.03,88.95,2019
22,Portugal,163.5,55.19,67.87,70.72,50.39,12.71,29.02,31.58,97.55,2019
23,Belgium,162.09,95.09,57.54,79.44,72.97,7.18,34.86,49.89,86.03,2019
24,Ireland,160.82,95.09,55.48,48.58,75.35,7.9,35.85,31.12,89.13,2019
25,Czech Republic,158.79,71.32,73.34,74.71,45.12,15.17,30.02,40.96,77.13,2019
26,France,157.83,91.55,53.61,78.55,74.85,12.85,35.27,42.7,88.25,2019
27,Cyprus,157.57,75.29,70.69,50.17,55.57,7.17,20.27,53.75,92.23,2019
28,Singapore,156.91,103.77,78.53,70.3,69.79,21.56,42.15,32.29,57.45,2019
29,Lithuania,156.36,60.34,63.49,67.58,45.91,11.11,27.15,30.84,69.86,2019
30,Israel,153.82,92.48,67.84,73.44,74.28,13.98,36.32,57.25,93.8,2019
31,Slovakia,153.1,63.24,70.46,60.06,44.98,10.27,29.58,41.89,78.13,2019
32,Saudi Arabia,152.72,118.59,70.27,59.07,47.61,2.89,29.61,67.26,41.42,2019
33,South Korea,149.53,103.4,65.95,84.51,76.93,17.58,40.02,54.19,68.39,2019
34,Latvia,149.15,55.16,63.23,59.71,49.23,9.35,31.45,34.96,74.7,2019
35,Poland,147.98,70,69.91,62.15,39.13,10.27,32.15,52.38,76.02,2019
36,Italy,145.69,77.49,54.98,67.14,69.25,9.97,34.69,53.75,91.25,2019
37,Belarus,141.47,44.64,76.47,58.01,33.12,14.27,28.78,40.97,64.37,2019
38,Romania,140.31,61.16,72.16,54.49,36.45,10.15,34.36,55.39,77.62,2019
39,Greece,137.82,49.57,61.43,55.16,56.66,9.84,32.2,51.86,94.18,2019
40,South Africa,135.31,82.97,23.2,62.56,42.49,4.11,40.33,56.95,95.97,2019
41,Hungary,134.47,54.66,64.83,48.24,42.03,12.58,35.17,46.47,78.74,2019
42,Taiwan,133.82,56.36,82.62,86.22,59.84,28.91,30.9,63.47,84.38,2019
43,Bulgaria,130.59,52.18,60,54.04,37.17,8.72,28.79,63.98,82.76,2019
44,Turkey,125.51,45.33,59.62,69.36,35.21,9.26,44.77,69.15,93.26,2019
45,Bosnia And Herzegovina,124.51,49.18,56.21,53.2,35.72,12.28,26.43,63.47,80.48,2019
46,Chile,124.14,54.13,53.19,65.5,47.73,13.51,36.79,65.54,90.21,2019
47,Mexico,123.48,49.98,47.7,69.72,32.71,10.19,39.08,66.02,86.29,2019
48,Argentina,122.49,55,37.45,69.39,33.09,19.02,43.04,52.35,98.28,2019
49,Malaysia,122.11,73.14,39.21,67.61,39.38,9.77,35.25,63.74,60.1,2019
50,Georgia,120.9,33.19,80.14,51.29,28.78,12.67,34.34,72.46,84.2,2019
51,Serbia,119.83,39.9,62.73,52.56,35.39,18.62,29.74,58.86,83.23,2019
52,India,117.51,66.91,57.28,68.32,24.17,11.33,45.71,75.81,65.74,2019
53,Panama,113.12,41.34,53.57,61.41,51.45,12.67,36.48,62,67.84,2019
54,Jordan,112.94,41.73,56.18,66.12,54.98,7.67,42.43,80.39,89.05,2019
55,Lebanon,111.21,53.97,55.73,65.9,58.06,13.44,37.36,87.39,94.74,2019
56,North Macedonia,110.64,39.83,60.71,58.98,31.58,13.65,27.94,80.85,76.3,2019
57,Colombia,108.36,34.66,48.74,67.51,30.15,18.85,45.06,61.74,86.04,2019
58,Indonesia,107.2,32.95,53.99,61.98,36.24,13.81,42.93,62.78,68.96,2019
59,Russia,104.94,45.38,58.07,57.63,35.52,12.39,46,62.8,46.53,2019
60,Pakistan,104.63,38.61,53.27,60.58,20.4,14.06,38.63,75.89,72.99,2019
61,Thailand,103.26,40.86,53.34,79.06,47.54,21.94,39.4,72.21,69.45,2019
62,Ukraine,102.34,32.72,51.12,50.95,27.94,14.35,37.36,66.63,70.69,2019
63,Hong Kong,100.9,69.34,80.68,67.35,78.14,49.42,41,66.39,83.64,2019
64,Brazil,100.33,37.43,29.76,54.64,42.8,18.72,43.37,57.72,95.35,2019
65,China,97.92,68.95,54.54,64.03,39.24,29.09,42.46,81.91,78.91,2019
66,Sri Lanka,95.3,27.34,58.97,72.3,30.24,26.32,51.9,57.69,59.11,2019
67,Philippines,90.73,29.46,59.17,65.87,35.09,21.83,44.15,74.47,60.23,2019
68,Vietnam,88.82,33.33,51.22,54.54,37.7,19.66,28.33,87.13,71.24,2019
69,Kazakhstan,87.17,38.83,33.49,51.27,29.83,11.51,29.75,74.25,39.78,2019
70,Iran,87.02,37.74,50.67,51.18,35.8,16.87,48.38,79.35,70.99,2019
71,Egypt,83.98,23.67,49.29,44.22,26.46,13.6,49.17,86.48,91.98,2019
1,Denmark,197.75,117.53,77.98,77.07,93.3,7.22,28.53,23.6,82.42,2018
2,Finland,195.3,119.42,76.3,75.4,81.7,7.49,33.23,12.07,58.63,2018
3,Netherlands,191.25,109.48,71.06,81.08,82.69,6.74,32.73,27.16,86.93,2018
4,Switzerland,190.81,126.15,78.24,71.73,131.39,10.94,29.28,23.01,79.78,2018
5,Austria,190.22,98.69,79.59,78.8,81.47,9.58,27.02,22.87,77.74,2018
6,Germany,190.04,125.01,63.35,75.44,74.35,8.05,31.25,27.32,82.53,2018
7,Australia,188.7,122.98,57.45,76.21,84.3,7.41,36.32,24.76,92.41,2018
8,New Zealand,182.4,98.61,60.85,71.95,83.41,8.18,34.48,21.77,96.1,2018
9,United States,180.56,127.62,50.42,68.38,72.95,3.34,34.74,31.7,78.23,2018
10,Sweden,176.81,113.01,50.74,70.42,83.7,10.52,30.68,19.1,75.08,2018
11,Estonia,176.44,74.82,79.17,71.35,57.65,9.24,32.73,17.17,63.61,2018
12,Norway,176.27,107.95,56.67,74.66,113.7,8.71,31.04,20.22,71.89,2018
13,Japan,176.04,107.35,86.9,81.72,86.58,12.64,44.48,41.66,84.82,2018
14,Slovenia,175.36,80.33,75.29,64.69,59.65,8.38,27.78,26.25,76.3,2018
15,Spain,174.92,90.67,63.26,77.49,61.75,8,31.42,38.11,93.94,2018
16,Canada,173.9,118.92,60.72,70.58,72.48,6.12,36.07,27.7,52.82,2018
17,United Kingdom,171.89,108.54,58.8,74.19,75.85,9.31,35.75,37.71,87.92,2018
18,Portugal,166.71,61.97,65.46,69.5,55.86,10.01,30.28,30.53,97.45,2018
19,France,166.22,101.21,54.71,78.03,83.86,9.93,35.03,40.41,89.8,2018
20,Belgium,164,98.91,57.83,80.43,83.35,7.1,34.63,48.92,86.14,2018
21,United Arab Emirates,163.54,124.78,81.25,63.48,67.21,4.88,37.49,55.78,45.43,2018
22,Ireland,163.53,96.1,56.18,53.02,85.45,7.63,37.47,28.66,89.43,2018
23,Taiwan,163.28,106.38,79.26,82,65.42,14.35,33.15,63.25,83.79,2018
24,Croatia,162.36,59.77,73,63.83,55.06,11.09,29.55,32.73,88.83,2018
25,Czech Republic,162.01,76.35,71.19,75.36,50.09,12.73,30.3,41.02,77.87,2018
26,Qatar,159.62,125.05,84.3,70.5,65.37,5.15,34.78,70.24,45.48,2018
27,South Korea,155.38,109.36,64.17,83.4,82.94,14.05,37.24,52.87,67.2,2018
28,Slovakia,155.37,67.29,69.85,64.42,50.41,9.88,32.17,40.67,77.66,2018
29,Israel,152.25,102.3,63.1,74.05,86.53,13.85,36.73,60.27,93.61,2018
30,Singapore,150.45,95.89,83.77,69.61,91.4,22.2,45.99,33.94,57.99,2018
31,Saudi Arabia,149.58,131.46,63.31,60.19,47.86,2.79,34.01,71.72,41.02,2018
32,Lithuania,148.98,57.29,62.41,66.81,53.24,13.02,28.69,33.14,68.76,2018
33,Poland,146.58,74.42,63.77,62.08,45.2,9.77,33.6,51.12,75.8,2018
34,Italy,146.13,81.07,55.47,68.01,79.06,9.88,37.01,53.11,91.38,2018
35,Romania,144.05,66.2,70.96,54.56,39.71,9.1,33.4,53.04,76.19,2018
36,South Africa,137.89,99.83,24.29,62.96,48.05,3.49,43.26,62.15,95.98,2018
37,Greece,137.43,53.8,60.93,54.18,63.15,9.46,32.16,52.85,92.58,2018
38,Hungary,132.31,50.62,63.49,51.09,48.6,13.32,34.12,46.57,78.51,2018
39,Argentina,131.85,60.15,38.21,71.31,53.74,10.68,41.55,53.64,98.22,2018
40,Bulgaria,129.69,54.44,60.3,52.11,41.21,8.58,31.12,63.03,81.58,2018
41,Bosnia And Herzegovina,129.33,52.4,59.95,55.9,39.26,11.56,27.48,61.56,78.89,2018
42,Turkey,127.64,53.78,58.94,70.42,41.8,8.95,46.29,69.44,93.16,2018
43,Mexico,126.42,58.18,48.95,68.62,33.56,7.8,42.03,66.13,82.49,2018
44,Serbia,123.48,41.81,62.24,53.42,39.59,17.22,28.95,56.58,82.93,2018
45,Chile,122.73,54.53,53.52,61.9,55.24,13.09,35.07,66.79,90.21,2018
46,India,122.09,79.27,55.84,67.39,26.88,9.73,46.76,75.89,65.68,2018
47,Malaysia,116.05,72.98,36.95,65.64,44.73,9.62,37.6,66.52,58.11,2018
48,Indonesia,112.89,37.49,55.28,65.95,39.74,13.07,42.75,60.66,68.19,2018
49,Colombia,112.15,38.59,49.34,67.8,35.29,18.09,48.1,62.47,96.72,2018
50,Hong Kong,110.28,82.86,79.1,63.81,78.72,41.08,41.26,69.35,83.64,2018
51,Russia,103.32,51.11,54.8,56.77,43.89,11.44,48.26,63.26,44.7,2018
52,Thailand,101.18,38.59,52.75,80.87,48.91,22.78,39.21,72.86,68.64,2018
53,Pakistan,100.35,41.11,48.77,57.47,25.08,12.48,41.55,77.5,71.9,2018
54,Brazil,100.13,41.55,29.45,52.65,51.33,16.26,45.27,59.48,94.23,2018
55,China,99.43,72.28,60.56,62.88,44.56,28.2,42.55,85.89,78.81,2018
56,Philippines,99.11,34.02,59.87,68.22,35.99,17.84,44.24,72.55,60.63,2018
57,Ukraine,95.96,30.24,50.61,50.11,25.98,18.21,38.5,67.24,70.2,2018
58,Iran,92.43,45.6,50.6,51.22,34.56,12.45,49.46,81.21,69.54,2018
59,Egypt,84.42,24.67,46.28,44.42,25.69,12.68,46.69,87.64,91.98,2018
60,Vietnam,81.09,30.09,47.78,52.45,39.44,21.34,31.1,88.1,71.24,2018
1,Austria,190.37,95.66,80.75,80.91,71.52,9.66,26.27,21.9,62.13,2017
2,Germany,189.74,124.88,67.97,76.74,65.5,7.46,30.55,27.05,57.97,2017
3,Denmark,184.92,98.76,78.87,75.45,83.02,8.2,28.42,25.97,64.24,2017
4,New Zealand,184.74,89.87,61.22,70.58,80.77,8.14,30.23,20.03,85.41,2017
5,Spain,183.65,87.87,68.72,76.65,54.98,8.26,32.63,37.46,88.04,2017
6,Finland,182.93,114.97,75.37,74.85,73.06,7.6,34.92,13.38,35.83,2017
7,United States,179.73,123.17,51.24,68.22,75.42,3.26,34.58,31.19,67.95,2017
8,Portugal,178.43,62.72,64.61,70.31,49.19,8.85,30.44,28.91,92.19,2017
9,Australia,176.54,101.94,57.58,74.25,80.66,9.24,34.73,24.58,72.79,2017
10,Slovenia,175.45,78.23,75.95,64.35,53.24,8.34,26.48,26.37,60.5,2017
11,Netherlands,175.23,86.52,70.11,82.5,72.47,8.52,33.9,27.62,61.87,2017
12,Switzerland,173.54,95.35,77.55,71.04,122.06,14.04,28.3,20.77,69.32,2017
13,United Kingdom,172.87,96.85,58.81,74.28,69.49,10,34.6,34.88,78.91,2017
14,Sweden,172.74,107.23,53.35,70.64,75.88,11.77,31.6,17.87,59.13,2017
15,Estonia,171.09,68.48,77,71.3,49.5,10.54,26.71,17.71,44.56,2017
16,Croatia,170.63,60.71,72.2,65.49,48,10.91,28.45,33.34,82.02,2017
17,Canada,167.18,108.01,60.75,69.23,70.16,6.4,36.24,26.54,44.31,2017
18,Ireland,166.9,103.52,54.23,53.33,76.98,7.02,35.01,27.18,70.18,2017
19,Cyprus,166.64,95.92,67.54,54.23,54.07,5.21,20.32,54.77,71.01,2017
20,Norway,165.93,105.58,54.31,74.19,106.31,7.9,31.32,19.45,49.32,2017
21,Czech Republic,165.41,76.22,69.82,74.09,41.22,10.7,31.98,41.04,65.32,2017
22,South Korea,162.49,102.38,74.73,83.2,75.41,12.38,34.18,52.73,61.2,2017
23,Belgium,160.52,91.02,55.49,78.92,75.36,6.96,36.26,48.92,75.16,2017
24,France,160.25,87.29,56.34,78.62,74.89,11.58,35.81,40.15,73.91,2017
25,Israel,157.88,94.47,70.99,74.78,77.74,10.87,36.52,61.71,81.01,2017
26,Slovakia,152.55,64.75,69.82,62.63,44.9,9.85,36.03,43.51,65.06,2017
27,Poland,150.21,71.75,68.47,61.46,38.15,10.12,34.55,50.33,62.53,2017
28,Taiwan,150.08,118.57,82.76,81.14,61.38,12.87,32.69,62.91,24.48,2017
29,Greece,148.32,58.24,59.68,53.92,55.87,8.33,31.6,52.05,87.25,2017
30,Japan,147.49,102.52,79.11,78.63,85.28,12.68,46.81,41.01,31.91,2017
31,Saudi Arabia,146.41,138.05,76.35,60.41,48.37,2.85,36.31,74.18,17.96,2017
32,South Africa,144.72,98.96,24.28,61.72,43.12,3.58,42.98,63.56,88.74,2017
33,Romania,143.04,53.44,72.05,53.11,35.63,10.79,31.97,50.9,64.45,2017
34,Italy,142.52,71.83,55.34,66.31,83.7,12.39,36.38,51.57,82.6,2017
35,Argentina,139.59,58.4,37.37,73.3,52.57,12.07,37.95,53.33,90.67,2017
36,United Arab Emirates,139.27,116.77,79.34,60.49,67.98,5.6,35.05,58.52,8.86,2017
37,Bosnia And Herzegovina,139.14,51.29,59.03,61.49,35.05,11.35,26.63,60.69,73.29,2017
38,Hungary,138.82,47.52,61.61,53.46,42.77,11.2,33.09,43.99,66.49,2017
39,Bulgaria,138.2,51.4,59.82,54.03,36.49,9.07,27.92,63.12,77.05,2017
40,Chile,136.2,61.28,52.5,60.97,50.09,10.67,35.7,67.67,89.39,2017
41,Serbia,133.43,40.8,61.38,53.86,33.79,17.87,29.93,55.29,82.66,2017
42,Qatar,132.37,111.28,84.3,66.14,69.2,6.19,32.97,73.29,9.26,2017
43,Lithuania,130.28,51.67,59.97,68.74,46.73,14.19,28,34.27,25.04,2017
44,Turkey,129.63,55.64,58.91,71.68,38.6,8.87,47.58,70.46,73.19,2017
45,Mexico,129.06,60.08,49.68,70.11,29.81,6.94,41.66,66.74,60.74,2017
46,Belarus,119.23,36.43,77.74,53.76,33.84,18.73,27.66,39.64,20.07,2017
47,Jordan,117.47,42.27,56.86,71.92,59.22,7.96,47.76,85.73,88.42,2017
48,North Macedonia,116.42,39.85,61.34,63.46,30.93,14.67,33.79,83.38,75.54,2017
49,Colombia,115.38,37.63,48.31,65.79,34.45,19.43,43.77,63.9,81.34,2017
50,Lebanon,106.18,53.61,50.84,64.28,61.65,13.95,36.15,85.11,69.39,2017
51,India,101.52,76.73,56.04,69.18,25.08,10.28,46.38,76.53,9.3,2017
52,Iran,97.17,43.18,49.1,51.55,38.26,13.5,49.7,82.51,71.48,2017
53,Brazil,96.15,42.38,29.38,51.7,53.07,16.96,46.39,61.17,70.76,2017
54,Hong Kong,94.45,81.45,79.32,67.99,79.96,36.15,42.22,69.9,29.73,2017
55,Pakistan,93.41,39.95,45.62,59.05,27.18,12.09,38.69,80.08,42.54,2017
56,Egypt,91.81,29.39,47.14,43.73,22.36,10.66,48.84,88.88,75.59,2017
57,China,90.95,67.84,66.1,62.25,44.76,23.29,43.87,88.96,38.7,2017
58,Sri Lanka,88.99,30.28,65.43,80.04,33.47,17.49,47.19,61.9,2.4,2017
59,Ukraine,87.49,26.93,48.73,49.81,26.22,22.87,39.16,67.26,49.94,2017
60,Singapore,86.5,92.7,83.42,69.87,82.41,21.63,43.39,37.04,-71.47,2017
61,Russia,85.93,48.27,53.95,56.4,42.01,13.55,48.57,63.04,10.69,2017
62,Indonesia,62.02,27.61,50.32,64.8,41.11,21.03,49.44,76.41,9.62,2017
63,Thailand,57.21,34.28,50.22,80.66,43.71,24.43,43.56,73.23,-20.21,2017
64,Philippines,56.87,36,60.23,69.16,34.71,16.91,45.14,70.25,-44.1,2017
65,Malaysia,51.65,73.34,35.25,65.99,40.24,9.53,39.4,67.08,-79.43,2017
66,Vietnam,36.12,24.77,47.04,47.87,40.11,26.76,33,88.1,-12.87,2017
67,Venezuela,0,3.35,14.72,36.9,38.3,202.07,46.24,72.9,91.17,2017
1,Switzerland,208.54,178.74,74.27,68.88,123.1,8.57,28.73,23.02,70.5,2016
2,Denmark,206.49,142.14,74.33,81.89,84.88,5.85,25.64,29.93,70.65,2016
3,New Zealand,201.06,115.47,63.63,72.6,78.17,6.28,31.1,19.04,88.35,2016
4,Germany,199.7,147.61,67.05,75.85,65.54,7.13,29.07,29.91,63.02,2016
5,Australia,198.79,147.25,56.88,73.71,78.45,8.43,34.65,22.88,77.33,2016
6,Austria,192.4,120.46,75.94,77.78,66.59,9.52,26.79,30.77,63.76,2016
7,Netherlands,192.4,129.34,68.53,70.43,72.12,5.87,35.51,32.79,76.28,2016
8,Norway,188.9,125.75,69.89,74.23,99.8,7.36,29.48,18.21,56.33,2016
9,Spain,186.41,105.31,68.23,75.89,56.11,8.06,30.52,46.58,90.8,2016
10,Sweden,185.81,128.22,56.88,74.33,75.7,11.19,32.05,18.3,61.8,2016
11,Finland,184.01,132.93,71.88,74.36,75.25,7.73,32.89,17.84,32.56,2016
12,United States,183.96,139.17,51.13,67.76,74.08,3.37,33.35,34.94,67.57,2016
13,Portugal,181.18,75.47,64.87,69.03,49.83,8.43,30.56,31.85,91.7,2016
14,United Kingdom,180.25,120,56.87,74.03,81.03,9.28,35.53,35.02,81.6,2016
15,Canada,177.23,134.81,60.8,68.62,64.82,6.14,37.79,29.48,46.23,2016
16,Japan,176.06,117.55,80.66,80.42,81.25,20.17,48.35,34.04,79.64,2016
17,Slovenia,175.93,89.76,73.73,58.47,52.19,9.72,25,28.2,62.46,2016
18,France,173.56,118.51,55.94,82.25,75.3,11.93,31.98,46.31,78.3,2016
19,Croatia,172.39,67.89,70.49,59.96,48.2,11.88,30.03,30.42,85.64,2016
20,Ireland,171.92,125.66,51.61,50.38,78.03,8.51,32.31,30.85,73.07,2016
21,South Korea,170.29,120.64,85.69,78.97,73.18,14.87,30.93,49.65,51.35,2016
22,Czech Republic,167.38,89.99,67.94,72.35,41.8,10.33,32.48,42.49,63.48,2016
23,Israel,166.63,115.54,69.37,76.07,75.75,10.64,37.76,61.46,81.89,2016
24,Greece,165.43,79.27,61.54,59.17,54.4,7.38,29.09,47.22,87.14,2016
25,Belgium,162.29,106.69,54.81,78.06,75.44,6.58,36.19,56.61,76.97,2016
26,Italy,159.28,105.67,53.78,67.76,68.77,10.37,36.49,56.56,86.19,2016
27,Saudi Arabia,159.18,167.86,74.8,65.09,47.6,2.78,38.7,72.2,16.77,2016
28,South Africa,156.7,126.1,21.57,59.58,34.75,3.34,43.18,63.29,91.42,2016
29,Poland,153.61,80.77,68.59,60.01,38.53,10.95,34.51,49.87,64.33,2016
30,Chile,147.26,78.4,58,61.05,43.88,9.88,33.81,67.21,85.68,2016
31,Bosnia And Herzegovina,146.7,60.64,57.54,60.52,34.59,10.94,23.41,57.95,75.31,2016
32,Romania,146.13,61.9,70.28,51.43,34.8,10.56,33.29,50.5,66.96,2016
33,United Arab Emirates,144.09,136.43,76.92,58.2,66.09,5.43,33.69,59.54,5.91,2016
34,Bulgaria,141.61,59.19,58.58,50.93,36.36,8.8,28.66,60.35,77.8,2016
35,Hungary,140.74,56.3,58.07,52.07,41.29,9.81,31.78,46.7,66.89,2016
36,Argentina,138.48,74.92,36.72,73.73,64.09,12.22,42.36,58.46,91.7,2016
37,Serbia,138.26,49.62,56.72,55.88,33.56,16.59,28.37,55.14,83.89,2016
38,Turkey,137.31,64.12,60.57,73.03,45.07,8.07,48.05,65.75,74.22,2016
39,Mexico,137.01,76.51,49.2,68.13,35.01,6.21,37.06,64.64,58.78,2016
40,Lithuania,134.33,61.25,56.85,67.38,45.56,12.9,30.24,30.94,24.42,2016
41,Colombia,128.46,45.99,51.49,73.22,29.25,16.29,44.24,64.44,84.51,2016
42,North Macedonia,115.03,46.74,61.98,59.99,31.05,15.52,40.68,85.29,80.55,2016
43,India,109.28,89.65,53.41,66.47,24.14,10.54,45.98,77.02,19.66,2016
44,Hong Kong,108.33,102.32,79.15,74.3,81.48,37.57,46.4,67.17,39.9,2016
45,Brazil,101.02,48.69,28.77,51.09,38.88,17.95,46.12,61.18,72.6,2016
46,China,99.03,77.42,67.92,61.2,48.1,24.98,44.09,85.54,46.59,2016
47,Iran,96.93,47.73,47.63,49.83,41.12,14.78,48.15,84.21,74.61,2016
48,Pakistan,93.99,43.34,43.37,61.27,26.69,15.27,36.85,76.64,41.17,2016
49,Singapore,93.09,110.5,84.19,69.06,83.67,23.17,43.43,38.83,-66.63,2016
50,Egypt,88.79,40.3,43.47,46.58,36.71,10.76,50.85,96.05,79.72,2016
51,Russia,88.31,57.42,52.69,54.15,38.48,12.84,49.13,64.49,10.87,2016
52,Ukraine,85.56,29.66,51.38,49.69,28.56,26.16,39.95,67.84,50.4,2016
53,Indonesia,72.19,35.51,53.03,62.56,36.33,19.48,41.4,75.14,7.98,2016
54,Philippines,65.83,42.86,62.39,72.25,34.73,19.24,45.97,73.12,-26.98,2016
55,Thailand,63.83,40.06,57.44,80.8,40.02,24.38,43.09,71.51,-23.25,2016
56,Malaysia,63.8,96.34,31.45,66.45,37.47,9.07,39.77,67.53,-71.17,2016
1,Switzerland,222.94,146.51,73.23,66.31,126.03,7.28,25.63,24.07,-,2015
2,Germany,195.94,111.84,71.51,75.61,76.27,6.61,31.08,28.32,-,2015
3,Sweden,193.86,110.95,57.91,76.29,82.91,9.25,26.9,15.14,-,2015
4,United States,192.49,126.09,49.99,67.75,76.53,2.62,35.96,31.45,-,2015
5,Finland,190.25,101.17,70.45,69.37,89.68,7.01,33.17,14.91,-,2015
6,Denmark,190.18,105.7,74.29,79.28,100.6,5.02,27.85,31.79,-,2015
7,Austria,182.62,104.55,73.75,78.42,76.87,9.6,25.86,33.96,-,2015
8,Australia,180.81,110.39,57.84,71.85,99.32,7.13,36.25,21.63,-,2015
9,Canada,177.63,105.07,62.54,69.6,81.8,5.52,38.88,27.3,-,2015
10,New Zealand,175.51,90.99,60.24,72.61,93.71,5.78,28.1,17.61,-,2015
11,Norway,175.09,96.3,68.81,75.46,118.59,7.74,25.3,23.7,-,2015
12,Saudi Arabia,169.37,126.19,65.43,59.02,50.35,3.12,26.14,71.02,-,2015
13,Japan,168.28,98.21,79.76,87.07,80.36,9.24,51.05,38.22,-,2015
14,Netherlands,166.76,102.02,64.59,67.23,85.98,6.22,35.45,34.97,-,2015
15,Turkmenistan,157.09,59.75,82.14,77.22,38.12,12.96,11.75,28.45,-,2015
16,United Kingdom,156.9,98.12,57.99,73.88,92.19,8.63,34,33.95,-,2015
17,Cyprus,154.91,71.05,68.44,78.36,72.52,7.38,19,32.88,-,2015
18,United Arab Emirates,153.68,104.59,77.78,55.6,67.16,6.16,29.9,61.34,-,2015
19,Ireland,148.85,95.72,50.93,49.53,92.09,6.07,32.6,27.97,-,2015
20,Qatar,144.89,113.02,78.96,75.86,74,6.56,29.27,87.73,-,2015
21,Estonia,144.59,51.44,71.87,73.08,61.2,11.65,22.44,15.53,-,2015
22,France,139.31,92.62,50.29,82.58,88.37,9.7,28.6,45.94,-,2015
23,Belgium,135.95,86.16,57.96,77.86,87.22,6.49,26.69,53.84,-,2015
24,Spain,134.91,76.71,66.15,73.21,65.7,9.56,28.91,46.3,-,2015
25,Slovenia,134.49,64.16,71.29,53.93,65.15,10.61,18.82,31.45,-,2015
26,Portugal,129.16,58.22,64.16,65.62,58.22,8.32,28.2,32.61,-,2015
27,Czech Republic,127.53,68.07,67.11,67.24,48.5,10.59,31.47,42.87,-,2015
28,Puerto Rico,125.69,94.43,32.94,58.74,73.5,4.54,32,48.03,-,2015
29,Kuwait,123.39,85.7,56.49,66.57,92.97,6.12,25,59.63,-,2015
30,Israel,120.43,88.18,69.6,76.35,79.29,10.72,41.25,65.21,-,2015
31,South Korea,120.03,85.83,82.01,78.15,82.9,11.01,31.33,77.11,-,2015
32,Lithuania,112.85,46.86,63.31,70.11,52.76,12.87,31.33,29.6,-,2015
33,Croatia,112.34,50.47,70.66,57.26,58.92,12.48,30.5,32.76,-,2015
34,Singapore,111.29,75.4,82.41,66.14,93.61,21.41,44.07,40.4,-,2015
35,South Africa,110.92,101.78,21.56,60.09,45.58,3.14,42.98,65.19,-,2015
36,Poland,109.74,63.49,67.01,58.03,45.11,10.56,34.67,50.55,-,2015
37,Slovakia,109.09,56.05,66.66,57.34,51.6,8.58,30.4,47.94,-,2015
38,Italy,100.99,79.35,52.5,65.78,82.72,11.69,35.91,57.75,-,2015
39,Latvia,99.04,44.39,62.78,67.13,55.94,12.19,24,43.43,-,2015
40,Greece,94.66,51.89,58.65,56.73,68.88,9.67,33.18,44.87,-,2015
41,Hungary,93.07,46.85,58.24,51.58,48.9,8.58,30.12,46.25,-,2015
42,Uruguay,93.06,44.87,52.83,67.92,68.55,11.23,45,31.72,-,2015
43,Taiwan,92.5,69.9,78.12,84.29,57.06,24.97,28.25,67.65,-,2015
44,Panama,89.27,43.34,49.92,82.14,55.16,10.79,28.12,50.91,-,2015
45,Malaysia,85.32,73.54,30.03,69.14,45.97,8.35,39.4,64.73,-,2015
46,Mexico,84.97,59.51,46.16,67.79,41.26,6.26,36.89,68.83,-,2015
47,Bahrain,84.06,59.69,60.03,84.44,56.17,7.89,27,87.36,-,2015
48,Romania,83.63,40.62,70.28,46.57,42.39,11.81,30.69,50.55,-,2015
49,Hong Kong,82.96,74.93,80.76,80.6,75.23,30.09,46.25,59.5,-,2015
50,Turkey,82.55,53.63,63.6,74,49.55,6.7,46.32,74.31,-,2015
51,India,78.6,65.79,53.45,66.86,26.27,10.06,45.24,77.72,-,2015
52,Argentina,77.01,59.38,37.6,75.18,67.12,11.59,41.39,55.88,-,2015
53,Bosnia And Herzegovina,73.45,44.74,54.18,52.08,42.3,12.5,21.9,58.54,-,2015
54,Belarus,72.48,35.82,69.5,45.39,50.2,16.36,30.57,45.12,-,2015
55,Bulgaria,68.3,39.88,56.55,58.47,43.57,9.42,33.43,63.96,-,2015
56,Chile,65.48,55.11,54.99,58.55,53.21,10.84,40.83,72.4,-,2015
57,Georgia,64.96,26.21,77.99,62.59,39.56,15.17,38,58.79,-,2015
58,Serbia,60.34,39.15,56.57,54.12,43.29,17.07,27.79,56.6,-,2015
59,Sri Lanka,49.87,28.24,50.04,74.29,41.66,14.29,30.83,65.72,-,2015
60,Armenia,49.07,27.74,70.86,48.33,40.68,13.39,26.09,73.03,-,2015
61,Colombia,47.71,36.08,43.12,68.92,38.92,14.35,44.55,61.41,-,2015
62,Thailand,47.37,38.75,62.94,82.47,46.52,20.76,42.36,72.81,-,2015
63,Kazakhstan,47,43.48,53.32,58.86,54.27,12.73,41.8,73.69,-,2015
64,Ecuador,44.52,28,45.96,63.08,45.57,14.67,45.67,53.2,-,2015
65,Dominican Republic,43.6,28.2,32.28,78.7,55.95,11.45,27.5,65.32,-,2015
66,Moldova,42.13,23.7,50.3,52.69,34.72,17.07,24.6,57.24,-,2015
67,Jordan,38.61,38.67,54.49,69.71,61.38,8.58,51.4,85.64,-,2015
68,Philippines,36.95,35.41,56.89,71.66,40,18.52,45.5,74.17,-,2015
69,Lebanon,32.81,50.17,48.02,65.78,67.61,16.21,32.43,89.11,-,2015
70,Brazil,29.84,41.16,31.05,52.15,55.33,16.7,46.34,58.03,-,2015
71,North Macedonia,28.85,35.48,63.94,35.12,37.41,15.38,33.17,82.31,-,2015
72,Russia,28.38,38.86,48.67,51.8,61.91,14.6,47.08,72.77,-,2015
73,Indonesia,22.7,26.01,52.78,66.09,39.35,18.93,41.63,74.41,-,2015
74,Pakistan,21.82,33.21,38.84,51.16,30.71,14.32,25.14,83.73,-,2015
75,Ukraine,20.1,27.87,50.64,44.27,41.29,17.38,40.04,69.85,-,2015
76,China,15.99,48.64,58.25,58.74,48.89,26.42,37.48,89.36,-,2015
77,Kenya,7.32,28.74,27.39,62.7,50.01,16.75,65.2,62.2,-,2015
78,Bolivia,6.55,41.1,34.4,49.75,40.02,10.33,55,94.05,-,2015
79,Nigeria,2.99,40.23,23.4,38.4,59.4,10.74,58.67,76.29,-,2015
80,Iran,1.07,30.65,49.1,50.12,44.53,20.78,47.44,82.28,-,2015
81,Cambodia,-4.4,11.93,55.94,54.17,57.05,21.11,33.33,80.06,-,2015
82,Bangladesh,-5.36,33.43,35.75,43.25,39.22,10.9,58,93.59,-,2015
83,Egypt,-7.07,25.84,39.86,54.69,37.22,11.33,56.85,96.62,-,2015
84,Vietnam,-19.52,21.32,47.71,34.26,41.86,23.92,36.4,84.34,-,2015
85,Mongolia,-35.74,23.5,29.75,28.29,52.28,18.63,36.86,94.55,-,2015
86,Venezuela,-53.04,11.9,15.93,38.52,111.01,22.23,30.6,79.19,-,2015
1,Switzerland,206.23,138.05,68.21,67.95,143.88,7.05,24.55,26.8,-,2014
2,United States,195.55,132.91,49.85,68.58,77.39,2.43,37.13,35.13,-,2014
3,Germany,192.69,112.28,72.86,75.26,87.14,5.6,36.07,30.2,-,2014
4,Sweden,180.92,106.11,61.72,75.22,103.68,9.41,34.07,17.51,-,2014
5,Finland,178.88,97.9,70.84,68.69,103.28,7.83,37,16.68,-,2014
6,Denmark,178.55,100.66,70.73,85.62,114.87,6.37,25,34.76,-,2014
7,Canada,178.29,105.53,63.71,71.94,87.9,5.57,39.17,27.7,-,2014
8,Australia,175.98,104.2,58.77,73.55,108.51,7.44,36.25,19.38,-,2014
9,United Arab Emirates,173.27,110.64,79.21,60.65,68.25,5.26,28.2,53.84,-,2014
10,Austria,171.82,91.53,74.17,79.67,89.5,9.17,24.5,31.68,-,2014
11,New Zealand,168.56,87.58,57.15,77.83,104.48,5.3,26.57,21.02,-,2014
12,Japan,168.47,99.64,81.9,85.03,94.13,8.34,47.64,40.78,-,2014
13,Norway,168.41,94.4,66.27,75.71,144.45,7.42,24.5,22.57,-,2014
14,Netherlands,160.98,97.54,62.93,66.17,98.82,6.08,35.06,32.4,-,2014
15,United Kingdom,150.97,94.34,57.38,73.52,100.11,7.74,37.68,33.81,-,2014
16,Estonia,145.4,48.67,70.93,76.34,67.33,10.19,24.71,13.43,-,2014
17,Ireland,142.35,94.64,46.41,42.57,106.61,5.74,22.53,29.32,-,2014
18,Kuwait,141.37,92.46,63.56,66.2,74.08,6.78,17,59.99,-,2014
19,Saudi Arabia,139.88,100.03,70.62,50.42,68.14,3.25,23.33,71.54,-,2014
20,France,136.31,92.29,52.72,82.28,100.21,10.32,28.1,46.92,-,2014
21,Belgium,134.71,87.93,58.47,78.04,100.04,5.98,25.96,56.16,-,2014
22,Slovenia,125.56,60.36,66.79,61.31,75.37,11.09,20.67,32.97,-,2014
23,Portugal,124.71,54.65,64.94,64.8,69.3,8.41,28.91,30.9,-,2014
24,Puerto Rico,123.64,85.28,40.7,59.93,76.5,5.1,28.4,47.41,-,2014
25,Spain,123.64,72.48,67.58,75.17,77.18,10.45,32.03,49.76,-,2014
26,Czech Republic,122.99,62.32,66.12,66.27,56.59,10.43,33.08,38.34,-,2014
27,Lithuania,121.91,43.24,65.29,69.26,59.96,12.91,22,21.13,-,2014
28,South Korea,117.9,80.63,83.65,79.17,87.56,11.35,31.2,74.24,-,2014
29,Taiwan,114.06,82.31,78.53,78.33,60.2,17.33,27.6,70.81,-,2014
30,South Africa,111.61,95.97,21.47,59.44,48.55,3.45,41.31,57.93,-,2014
31,Slovakia,108.74,52.41,67.28,63.52,61.5,9.51,37.5,40.81,-,2014
32,Croatia,108.7,48.32,71.1,55.94,69.04,13.37,33.35,28.69,-,2014
33,Poland,95.19,57.6,62.47,54.83,53.68,11.37,35.32,50.54,-,2014
34,Uruguay,91.94,39.64,53.36,59.58,77.36,11.6,45,21.33,-,2014
35,Israel,91.16,69.29,66.72,75.43,91.45,12.83,46.38,63.75,-,2014
36,Italy,90.61,75.39,54.41,65.05,96.81,12.15,38.05,60.42,-,2014
37,Malaysia,89.05,70.46,33.59,69.35,48.66,8.04,38.7,61.12,-,2014
38,Singapore,87.99,64.11,78.65,61.82,100.01,22.59,47.82,41.93,-,2014
39,Mexico,83.47,60.46,47.54,70.64,46.96,6.47,38.96,71.17,-,2014
40,Hungary,83.18,44.89,62.48,46.58,59.27,9.63,34.83,48.33,-,2014
41,Argentina,81.12,57.08,42.52,76.75,66.85,8.95,45,57.45,-,2014
42,India,78.01,62.33,56.3,64.62,26.7,10.16,47.72,74.34,-,2014
43,Greece,77.48,44.27,56.95,59.02,83.79,11.74,36.98,45.28,-,2014
44,Bosnia And Herzegovina,74.6,44.52,55.02,54.42,49.76,11.97,22.56,58.22,-,2014
45,Belarus,74.43,33.93,67.11,48.02,50.35,16.81,24.83,42.72,-,2014
46,Hong Kong,73.24,71.39,77.32,71.83,76.36,27.06,47.73,63.79,-,2014
47,Chile,69.32,58.27,52.91,58.68,60.16,9.45,42.1,70.98,-,2014
48,Serbia,69.31,37.39,60.72,54.35,51.57,16.86,24.38,49.56,-,2014
49,Turkey,67.82,55.79,60.05,57.54,49.93,6.86,51.93,77.11,-,2014
50,Romania,63.27,36.51,71.27,47.27,48.2,13.24,33.29,62.55,-,2014
51,Bulgaria,62.6,37.39,59.98,58.04,49.96,9.87,34.69,66.72,-,2014
52,Thailand,56.64,36.96,62.44,85.44,45.95,19.07,32.82,71.13,-,2014
53,Ecuador,42.25,27.03,40.03,59.39,45.23,12.7,42.8,53.66,-,2014
54,Kazakhstan,40.64,37.29,50.59,60.19,63.15,11.35,40,74.36,-,2014
55,Jordan,39.54,38.3,52.42,74.1,61.46,7.95,60.2,81.84,-,2014
56,Brazil,38.76,43.29,33,53.72,60.6,14.96,43.02,57.58,-,2014
57,Colombia,36.53,33.45,41.46,68.52,50.37,14.23,46.15,65.67,-,2014
58,China,30.3,43.73,69.87,65.12,54.12,26.13,31.17,84.72,-,2014
59,Philippines,28.09,29.97,58.1,69.84,40.28,18.78,49.78,74.88,-,2014
60,Pakistan,22.32,31.53,36.25,50.4,29.69,13.92,25.12,80.25,-,2014
61,Ukraine,22.22,31,50.63,47.1,45.64,15.95,41.89,73.32,-,2014
62,Indonesia,21.85,26.44,53.33,60.23,39,18.79,41.07,73.78,-,2014
63,Lebanon,18.39,41.86,49.9,55.36,70.15,18.3,32.43,86.72,-,2014
64,Russia,16.53,37.3,47.33,43.45,61.8,14.67,49.69,76.45,-,2014
65,Egypt,5.41,25.57,47.57,61.3,38.26,11.09,60.83,91.23,-,2014
66,Iran,-11.08,30.33,44.99,48.6,49.51,20.63,54.45,86.07,-,2014
67,Mongolia,-26.75,25.59,33.77,27.23,57.36,15.7,36.86,94.98,-,2014
68,Venezuela,-39.32,17.87,18.5,41.05,114.36,20.19,38.75,73.96,-,2014
1,Switzerland,215.71,138.2,72.42,71.98,146.98,6.25,25.87,22.97,-,2013
2,Germany,204.84,118,76.14,73.25,87.56,5,31.89,28.43,-,2013
3,United States,199.56,138.38,46.56,67.76,79.57,2.2,39.54,32.53,-,2013
4,Sweden,191.36,108.25,68.19,78.7,110.72,8.75,27.9,18.79,-,2013
5,Canada,186.03,111.04,65.02,72.79,95.47,5.08,38.76,26.52,-,2013
6,United Arab Emirates,186.01,123.85,81.99,59.92,74.12,4.43,24.5,58.37,-,2013
7,Denmark,182.29,104.58,69.26,86.13,114.09,6.97,22.5,34.29,-,2013
8,Norway,173.86,97.29,74.39,80.51,164.92,7.3,27.08,23.35,-,2013
9,Qatar,169.92,140.57,73.83,68.06,80.92,5.43,30.5,82.76,-,2013
10,Austria,167.39,88.57,69.56,81.45,93.07,8.82,28,28.81,-,2013
11,Finland,167.21,95.65,67.31,76.41,101.72,9.38,49,18.53,-,2013
12,Australia,165.8,104.18,55.56,75.56,130.71,8.12,39.09,20.89,-,2013
13,New Zealand,163.17,85.55,58.21,76.04,110.45,5.94,26.57,21.8,-,2013
14,Netherlands,160.54,94.93,62.47,66.8,98.06,6.3,38.7,28.08,-,2013
15,Japan,159.79,87.68,86.89,80.09,113.21,8.32,50.3,33.68,-,2013
16,Estonia,154.95,54.02,75.77,78.06,67.23,9.26,23.17,16.38,-,2013
17,France,151.36,99.18,48.87,85.62,98.92,8.38,28.9,41.3,-,2013
18,Ireland,149.64,91.68,55.05,49,107.65,5.52,21,29.76,-,2013
19,United Kingdom,148.12,90.54,60.22,71.28,96.99,6.73,38.67,36.02,-,2013
20,Belgium,146.73,95.48,57.05,81.48,103.01,6.69,27.33,49.63,-,2013
21,Spain,141.05,83.67,65.88,75.61,79.25,9.63,26.42,46.52,-,2013
22,Saudi Arabia,140.49,116.1,68.26,34.17,71.28,3.11,15.75,80.55,-,2013
23,South Korea,135.62,95.57,82.6,80.56,79.71,12.46,21.5,75.57,-,2013
24,Slovenia,133.62,60.1,70.4,72.11,78.15,12.1,24.67,28.17,-,2013
25,South Africa,123.77,107.37,23.32,61.33,59.51,3.21,38.91,58.99,-,2013
26,Czech Republic,122.18,64.46,65.88,61.99,60.97,10,30.78,40.1,-,2013
27,Taiwan,120.57,74.17,83.74,81.25,66.76,9.02,38.33,71.48,-,2013
28,Portugal,119.76,54.59,65.04,61.63,71.77,8.06,27.88,35,-,2013
29,Puerto Rico,117.89,95.73,29.47,58.98,81.49,3.93,32.5,54.02,-,2013
30,Slovakia,114.58,54.24,64.84,59.95,62.69,7.91,41,34.4,-,2013
31,Lithuania,114.05,42.79,65.39,70.79,60.95,13.58,27.33,25.17,-,2013
32,Israel,99.34,73.52,51.74,87.04,90.18,10.31,46.6,59.54,-,2013
33,Hong Kong,94.27,81.17,83.43,71.06,76.23,23.93,43.88,64.95,-,2013
34,Poland,90.47,55.56,61.07,57.81,53.31,13,36.24,50.02,-,2013
35,Croatia,88.86,52.07,67.75,50.03,69.6,13.1,43.86,42,-,2013
36,Mexico,87.94,60.67,43.77,72.12,52.42,5.68,37.37,66.08,-,2013
37,Italy,87.36,75.76,50.54,64.78,98.09,13,38.43,58.86,-,2013
38,Panama,86.81,37.69,51.54,82.41,50.77,10.83,31.67,48.08,-,2013
39,Hungary,85.59,43.45,66.28,51.02,60.76,10.71,22.45,53.27,-,2013
40,Malaysia,79.74,71.79,32.25,59.65,54.13,6.79,38.64,67.35,-,2013
41,Uruguay,78.34,38.14,55.03,57.18,80.65,11.54,50,30.46,-,2013
42,Turkey,74.84,57.26,64.8,71.87,61.67,6.19,50.47,82,-,2013
43,India,73.7,62.71,57.88,62.68,30.24,9.96,50.64,77.48,-,2013
44,Chile,72.56,58.03,59.72,61.51,66.37,9.22,40.22,74.2,-,2013
45,Argentina,72.53,51.09,40.71,78.26,69.68,10.19,46.71,55.56,-,2013
46,Bosnia And Herzegovina,71.6,47.34,56.74,54.54,50.63,11.7,18.83,67.63,-,2013
47,Singapore,69.17,60.86,80.02,58.82,104.14,25.12,51.1,49.5,-,2013
48,Serbia,63.68,37.01,58.77,55.55,51.13,17.22,25.48,52.79,-,2013
49,Romania,57.75,36.35,69.98,46.13,49.46,14.25,34.85,63.34,-,2013
50,Greece,55.51,50.31,50.24,50.4,88.06,11.56,38.51,62.69,-,2013
51,Thailand,54.08,35.44,59.47,94.73,51.3,18.33,38.57,72.12,-,2013
52,Bulgaria,53.71,38.01,58.53,54.63,51.37,10.14,22.17,78.86,-,2013
53,Brazil,48.21,41.44,37.38,57.58,69.91,13.33,35.82,56.5,-,2013
54,Ecuador,37.68,25.99,40.26,64.81,46.02,13.33,43,58.55,-,2013
55,Georgia,35.74,29,80.43,68.98,53.24,33.8,20,64.83,-,2013
56,Colombia,35.05,29.44,45.84,77.31,57.25,15.46,43.57,68.26,-,2013
57,Ukraine,31.86,32.3,51.05,47.89,47.95,15.42,39.91,67.28,-,2013
58,China,31.5,42.41,73.13,60.86,60.72,22.22,30.5,89.35,-,2013
59,Philippines,21.08,25.98,45.06,73.7,47.79,16.38,46.75,74.84,-,2013
60,Russia,18.5,39.6,47.61,39.34,68.12,12.36,49.68,78.29,-,2013
61,Mongolia,14.08,28.4,53.13,43.06,61.95,13,26.67,88.97,-,2013
62,Lebanon,12.46,44.15,52.69,43.33,73.95,18.42,36.4,88.05,-,2013
63,Pakistan,7.67,26.38,38.48,47.88,32.83,17.49,16,86.96,-,2013
64,Egypt,7.59,27.41,51.33,59.08,44.12,12.33,59,89.86,-,2013
65,Iran,-6.96,35.75,43.85,45.66,56.97,16.33,58.28,90.23,-,2013
66,Indonesia,-12.54,24.61,59.51,48.52,46.01,24.75,54.38,85.14,-,2013
67,Venezuela,-48.27,18.71,14.3,44.44,110.55,20.78,38.75,81.89,-,2013
1,Switzerland,194.11,127.42,74.22,79.51,148.69,6.53,30.88,35.49,-,2012
2,Germany,184.42,114.22,78.8,71.96,92.83,4.8,33.12,45.14,-,2012
3,Norway,183.43,94.21,80.93,79.04,166.65,7.1,18.5,19.22,-,2012
4,United Arab Emirates,177.07,134.89,64.05,63.89,80.79,4.49,17,69.17,-,2012
5,New Zealand,174.28,88.59,53.19,86.81,107.37,5.71,25.25,17.08,-,2012
6,Sweden,171.72,99.33,63.76,86.76,109.02,9.01,23,32.5,-,2012
7,Canada,164.99,110.72,60.18,71.99,101.7,4.85,40.44,41.59,-,2012
8,Denmark,163.12,99.26,54.69,89.81,125.72,6.13,31,34.17,-,2012
9,Australia,162.03,108.67,59.38,79.11,130.28,6.94,37.09,37.25,-,2012
10,Austria,159.89,98.78,55.92,83.18,98.44,6.69,23,42.84,-,2012
11,Netherlands,158.07,93.65,71.6,70.37,108.48,6.34,26.83,41.67,-,2012
12,United States,140.62,118.75,35.07,65.52,85.55,2.82,36.36,61.27,-,2012
13,Japan,130.52,83.62,94.25,96.11,136.69,16.88,46.5,52.5,-,2012
14,Ireland,125.14,84.79,53.93,41.06,114.29,5.89,11.67,45.17,-,2012
15,Slovenia,121.94,57.17,64.29,82.87,78.63,13.41,24.67,35,-,2012
16,France,119.51,90.9,55.24,80.74,103.9,10.54,29,61.82,-,2012
17,Israel,118.25,73.81,59.22,91.67,98.66,9.51,46.6,48.75,-,2012
18,United Kingdom,110.09,89.77,53.96,76.04,109.44,7.38,44.17,64.43,-,2012
19,Portugal,105.1,56.85,59.36,69.96,73.97,7.77,28,51.91,-,2012
20,Spain,100.93,86.18,67.04,69.92,84.48,9.87,26.45,85.62,-,2012
21,Belgium,100.68,84.58,59.38,82.22,114.29,6.3,21.5,88.33,-,2012
22,Croatia,93.06,50.65,67.58,65,70.77,11.59,37,49.94,-,2012
23,Czech Republic,88.14,58.43,63.41,65,65.19,10.99,28.67,65.99,-,2012
24,Singapore,87.08,91.24,79.79,58.97,101.03,17.16,66.25,70.83,-,2012
25,South Africa,83.59,99.97,21.88,59.54,76.89,2.99,34.5,88.96,-,2012
26,Saudi Arabia,71.02,80.41,67.52,40.74,97.4,2.77,15.75,112.5,-,2012
27,Turkey,66.7,52.76,73.62,69.97,68.12,5.65,54.22,89.23,-,2012
28,Malaysia,65.31,72.13,29.12,69.06,56,4.77,32.4,91.25,-,2012
29,Poland,60.63,58.88,61.3,55.79,52.96,12.32,36.27,83.75,-,2012
30,Mexico,60.31,59.33,37.46,80.06,56.41,5.84,31.33,93.5,-,2012
31,Italy,49.65,67.73,43.33,67.77,99.07,12.63,37.81,85.48,-,2012
32,Hungary,48.74,38.08,69.53,59.95,63.4,10.6,24.67,90.25,-,2012
33,India,44.01,62.05,54.36,59.42,34.28,9.8,48.33,102.91,-,2012
34,Indonesia,37.22,20.09,76.13,94.12,51.49,39.78,36.67,43.84,-,2012
35,Serbia,34.59,31.08,71.3,57.41,54.28,19.51,25.65,80.97,-,2012
36,Argentina,32.58,40.48,51.62,76.74,68.05,11.83,45.4,90,-,2012
37,Bulgaria,30.77,34.73,58.63,60.3,53.69,10.35,26.33,98.48,-,2012
38,Bosnia And Herzegovina,28.04,42.86,59.69,57.41,53.37,10.85,17,112.42,-,2012
39,Romania,25.52,33.16,70.41,48.41,50.95,15.65,32.47,91.92,-,2012
40,Thailand,24.89,33.42,60.33,92.59,52.94,16.75,38.75,101.61,-,2012
41,Colombia,23.38,28.95,52.79,88.89,61.7,14.41,44,91.46,-,2012
42,Greece,23.28,44.99,47.97,51.76,97.85,11.05,38.22,87.77,-,2012
43,Chile,21.04,51.02,43.65,59.26,70.2,9.37,41.62,103.75,-,2012
44,Brazil,10.81,31.73,40.74,59.09,87.64,15.28,30,82.92,-,2012
45,Pakistan,-3.05,26.24,41.29,60.42,36.45,20.18,13,101.33,-,2012
46,Philippines,-3.77,28.37,46.91,76.11,44.85,8.66,54.89,116.65,-,2012
47,Russia,-7.39,44.05,49.43,35.52,69.37,14.41,47.83,104.67,-,2012
48,Ukraine,-14.61,27.22,44.61,40.28,51.68,16.68,33,100.24,-,2012
49,Egypt,-22.17,27.17,55.69,65.74,50.77,11.81,59,125.71,-,2012
50,Iran,-35.23,46.38,48.14,43.4,54.32,12.48,73.5,131.85,-,2012
51,China,-49.55,33.5,55.53,36.15,51.63,29.9,29.67,122.8,-,2012
